title,company,link,source
"
            
        Junior Data Scientist
      
          ","
              
          
            Louis Vuitton
          
      
            ",https://www.linkedin.com/jobs/view/junior-data-scientist-at-louis-vuitton-4184288621?position=1&pageNum=0&refId=WxFHqti%2FjwekUACOD74UQw%3D%3D&trackingId=bgRW%2Fa%2BDhwjsZi59CYfAgg%3D%3D,LinkedIn
"
            
        Junior Business Analyst
      
          ","
              
          
            Morgan Stanley
          
      
            ",https://www.linkedin.com/jobs/view/junior-business-analyst-at-morgan-stanley-4182955414?position=2&pageNum=0&refId=WxFHqti%2FjwekUACOD74UQw%3D%3D&trackingId=RJwCcCzg%2Bf%2BAuboVlvEJxA%3D%3D,LinkedIn
"
            
        Engineer (New Grad)
      
          ","
              
          
            NimbleRx
          
      
            ",https://www.linkedin.com/jobs/view/engineer-new-grad-at-nimblerx-4184351976?position=3&pageNum=0&refId=WxFHqti%2FjwekUACOD74UQw%3D%3D&trackingId=0htIwX%2FJLsaFhYndYQCHyw%3D%3D,LinkedIn
"
            
        Master Data Coordinator
      
          ","
              
          
            poppi
          
      
            ",https://www.linkedin.com/jobs/view/master-data-coordinator-at-poppi-4183554421?position=4&pageNum=0&refId=WxFHqti%2FjwekUACOD74UQw%3D%3D&trackingId=Jb6KYObcPJxLOkkhuow%2FdA%3D%3D,LinkedIn
"
            
        Senior BI Analyst
      
          ","
              
          
            Safeway
          
      
            ",https://www.linkedin.com/jobs/view/senior-bi-analyst-at-safeway-4182900305?position=5&pageNum=0&refId=WxFHqti%2FjwekUACOD74UQw%3D%3D&trackingId=xU3JHPQoq5eakmr%2By2WDGw%3D%3D,LinkedIn
"
            
        Jr. Python Developer II
      
          ","
              
          
            IT Engagements, Inc.
          
      
            ",https://www.linkedin.com/jobs/view/jr-python-developer-ii-at-it-engagements-inc-4158673849?position=6&pageNum=0&refId=WxFHqti%2FjwekUACOD74UQw%3D%3D&trackingId=OAK3Ib57i58HYkZK0MY6Zg%3D%3D,LinkedIn
"
            
        Business Intelligence Developer
      
          ","
              
          
            LinkedIn
          
      
            ",https://www.linkedin.com/jobs/view/business-intelligence-developer-at-linkedin-4184313082?position=7&pageNum=0&refId=WxFHqti%2FjwekUACOD74UQw%3D%3D&trackingId=v5xDKk8%2FujPSTOaS6giliQ%3D%3D,LinkedIn
"
            
        Python Developer
      
          ","
              
          
            Accroid Inc
          
      
            ",https://www.linkedin.com/jobs/view/python-developer-at-accroid-inc-4148185422?position=8&pageNum=0&refId=WxFHqti%2FjwekUACOD74UQw%3D%3D&trackingId=B9gptGK%2BH%2Fh4xJGfAu4qyg%3D%3D,LinkedIn
"
            
        Backend Developer (Python)
      
          ","
              
          
            Adapty.io
          
      
            ",https://www.linkedin.com/jobs/view/backend-developer-python-at-adapty-io-4144057510?position=9&pageNum=0&refId=WxFHqti%2FjwekUACOD74UQw%3D%3D&trackingId=toXaqfFR3MRzDxOUloMRHw%3D%3D,LinkedIn
"
            
        Jr. Python Developer [Job ID 20250307]
      
          ","
              
          
            Phoenix Cyber
          
      
            ",https://www.linkedin.com/jobs/view/jr-python-developer-job-id-20250307-at-phoenix-cyber-4179196463?position=10&pageNum=0&refId=WxFHqti%2FjwekUACOD74UQw%3D%3D&trackingId=QMIUBJkveKhufeR9iqSk8w%3D%3D,LinkedIn
"
            
        Front Office Developer (Python)
      
          ","
              
          
            Verition Fund Management LLC
          
      
            ",https://www.linkedin.com/jobs/view/front-office-developer-python-at-verition-fund-management-llc-4184856441?position=11&pageNum=0&refId=WxFHqti%2FjwekUACOD74UQw%3D%3D&trackingId=rUddVHxu7%2FTWQuOYLFtbXQ%3D%3D,LinkedIn
"
            
        Python Developer
      
          ","
              
          
            VRK IT Vision Inc.
          
      
            ",https://www.linkedin.com/jobs/view/python-developer-at-vrk-it-vision-inc-4158616576?position=12&pageNum=0&refId=WxFHqti%2FjwekUACOD74UQw%3D%3D&trackingId=IX3MT%2Fs%2Bv0MAjHzMQlpOjg%3D%3D,LinkedIn
"
            
        Python Developer
      
          ","
              
          
            VRK IT Vision Inc.
          
      
            ",https://www.linkedin.com/jobs/view/python-developer-at-vrk-it-vision-inc-4148958380?position=13&pageNum=0&refId=WxFHqti%2FjwekUACOD74UQw%3D%3D&trackingId=PWBqduIt3o0D8gnvqM%2FoOg%3D%3D,LinkedIn
"
            
        Full time  - Python Engineer
      
          ","
              
          
            Netonics, Inc.
          
      
            ",https://www.linkedin.com/jobs/view/full-time-python-engineer-at-netonics-inc-4151637999?position=14&pageNum=0&refId=WxFHqti%2FjwekUACOD74UQw%3D%3D&trackingId=nD58hwKI09DzaXXyZ6%2BmDA%3D%3D,LinkedIn
"
            
        Python Developer
      
          ","
              
          
            TekSalt Solutions
          
      
            ",https://www.linkedin.com/jobs/view/python-developer-at-teksalt-solutions-4179160484?position=15&pageNum=0&refId=WxFHqti%2FjwekUACOD74UQw%3D%3D&trackingId=Km4p%2F8V7kA51vDqxuqgq%2Fw%3D%3D,LinkedIn
"
            
        Data Science with ML , Python , SQL
      
          ","
              
          
            VRK IT Vision Inc.
          
      
            ",https://www.linkedin.com/jobs/view/data-science-with-ml-python-sql-at-vrk-it-vision-inc-4173966535?position=16&pageNum=0&refId=WxFHqti%2FjwekUACOD74UQw%3D%3D&trackingId=1hG6VWxsFsIIjaxym%2B2N3w%3D%3D,LinkedIn
"
            
        Senior BI Analyst
      
          ","
              
          
            Safeway
          
      
            ",https://www.linkedin.com/jobs/view/senior-bi-analyst-at-safeway-4182900306?position=17&pageNum=0&refId=WxFHqti%2FjwekUACOD74UQw%3D%3D&trackingId=1vrD7SmqGxKgQI2qxLHGwQ%3D%3D,LinkedIn
"
            
        Python Developer
      
          ","
              
          
            IT Minds LLC
          
      
            ",https://www.linkedin.com/jobs/view/python-developer-at-it-minds-llc-4157956206?position=18&pageNum=0&refId=WxFHqti%2FjwekUACOD74UQw%3D%3D&trackingId=r4lWeGPFFUEpQCA2N2UsPg%3D%3D,LinkedIn
"
            
        Jr. Python Developer [Job ID 20250307]
      
          ","
              
          
            Phoenix Cyber
          
      
            ",https://www.linkedin.com/jobs/view/jr-python-developer-job-id-20250307-at-phoenix-cyber-4179194553?position=19&pageNum=0&refId=WxFHqti%2FjwekUACOD74UQw%3D%3D&trackingId=UpAoO61UhhW2SoVepLf06w%3D%3D,LinkedIn
"
            
        Python Developer
      
          ","
              
          
            Atika Technologies
          
      
            ",https://www.linkedin.com/jobs/view/python-developer-at-atika-technologies-4173472203?position=20&pageNum=0&refId=WxFHqti%2FjwekUACOD74UQw%3D%3D&trackingId=l22vPt1Yz2h7NZf0sltr1A%3D%3D,LinkedIn
"
            
        Senior Data Analyst
      
          ","
              
          
            NimbleRx
          
      
            ",https://www.linkedin.com/jobs/view/senior-data-analyst-at-nimblerx-4184351983?position=21&pageNum=0&refId=WxFHqti%2FjwekUACOD74UQw%3D%3D&trackingId=AwF2qsJDo3ucwBPXzQWrmg%3D%3D,LinkedIn
"
            
        Python Developer
      
          ","
              
          
            Accroid Inc
          
      
            ",https://www.linkedin.com/jobs/view/python-developer-at-accroid-inc-4148171223?position=22&pageNum=0&refId=WxFHqti%2FjwekUACOD74UQw%3D%3D&trackingId=oEoaqEVnstptT3zBv24EWg%3D%3D,LinkedIn
"
            
        Python Developer
      
          ","
              
          
            Accroid Inc
          
      
            ",https://www.linkedin.com/jobs/view/python-developer-at-accroid-inc-4176738769?position=23&pageNum=0&refId=WxFHqti%2FjwekUACOD74UQw%3D%3D&trackingId=rQvtovRpjmSv30AfSFRIPA%3D%3D,LinkedIn
"
            
        Python Developer
      
          ","
              
          
            Atika Technologies
          
      
            ",https://www.linkedin.com/jobs/view/python-developer-at-atika-technologies-4175752789?position=24&pageNum=0&refId=WxFHqti%2FjwekUACOD74UQw%3D%3D&trackingId=RF2hYLvLoZ5fA9qLzmVvWg%3D%3D,LinkedIn
"
            
        Python Developer
      
          ","
              
          
            Rapid Eagle Inc
          
      
            ",https://www.linkedin.com/jobs/view/python-developer-at-rapid-eagle-inc-4162211869?position=25&pageNum=0&refId=WxFHqti%2FjwekUACOD74UQw%3D%3D&trackingId=k1lBFFYYERqGeh4PMnmfNQ%3D%3D,LinkedIn
"
            
        Python Developer
      
          ","
              
          
            PureLogics
          
      
            ",https://www.linkedin.com/jobs/view/python-developer-at-purelogics-4141450053?position=26&pageNum=0&refId=WxFHqti%2FjwekUACOD74UQw%3D%3D&trackingId=fq5KYeqic7aXvGBVgPVOPw%3D%3D,LinkedIn
"
            
        Math Tutoring - Remote
      
          ","
              
          
            Outlier
          
      
            ",https://www.linkedin.com/jobs/view/math-tutoring-remote-at-outlier-4186319051?position=27&pageNum=0&refId=WxFHqti%2FjwekUACOD74UQw%3D%3D&trackingId=9%2Fdw9lXHP47iGctZcFgozg%3D%3D,LinkedIn
"
            
        Data Quality Analyst
      
          ","
              
          
            Corner Alliance
          
      
            ",https://www.linkedin.com/jobs/view/data-quality-analyst-at-corner-alliance-4182956476?position=28&pageNum=0&refId=WxFHqti%2FjwekUACOD74UQw%3D%3D&trackingId=9f%2BnDxOyI6bN6oJPeUQvKg%3D%3D,LinkedIn
"
            
        Data Customer Insights Analyst
      
          ","
              
          
            CAVA
          
      
            ",https://www.linkedin.com/jobs/view/data-customer-insights-analyst-at-cava-4183189119?position=29&pageNum=0&refId=WxFHqti%2FjwekUACOD74UQw%3D%3D&trackingId=J66c0WVsuUVWZ6TG%2BhJCDw%3D%3D,LinkedIn
"
            
        Machine Learning Engineer
      
          ","
              
          
            Ikigai
          
      
            ",https://www.linkedin.com/jobs/view/machine-learning-engineer-at-ikigai-4184821866?position=30&pageNum=0&refId=WxFHqti%2FjwekUACOD74UQw%3D%3D&trackingId=0IjuBr%2BnOci4wWN%2BjObUDA%3D%3D,LinkedIn
"
            
        Junior Python Engineer - Healthcare AI
      
          ","
              
          
            Nao Medical
          
      
            ",https://www.linkedin.com/jobs/view/junior-python-engineer-healthcare-ai-at-nao-medical-4164192526?position=31&pageNum=0&refId=WxFHqti%2FjwekUACOD74UQw%3D%3D&trackingId=TU1XmHFv6LszIcsVNz6urg%3D%3D,LinkedIn
"
            
        Python Developer
      
          ","
              
          
            Accord Technologies Inc
          
      
            ",https://www.linkedin.com/jobs/view/python-developer-at-accord-technologies-inc-4132360545?position=32&pageNum=0&refId=WxFHqti%2FjwekUACOD74UQw%3D%3D&trackingId=lBrHMfNHgK494sM2Dyux2g%3D%3D,LinkedIn
"
            
        Software Engineer
      
          ","
              
          
            Deep Sky
          
      
            ",https://www.linkedin.com/jobs/view/software-engineer-at-deep-sky-4185055200?position=33&pageNum=0&refId=WxFHqti%2FjwekUACOD74UQw%3D%3D&trackingId=Z18EnKXz6Y%2B0sTouabFBMw%3D%3D,LinkedIn
"
            
        Junior Data Science Engineer
      
          ","
              
          
            CloudFit Software
          
      
            ",https://www.linkedin.com/jobs/view/junior-data-science-engineer-at-cloudfit-software-4184235637?position=34&pageNum=0&refId=WxFHqti%2FjwekUACOD74UQw%3D%3D&trackingId=qIF7yCajcB9yayklkCjaCQ%3D%3D,LinkedIn
"
            
        Python Developer
      
          ","
              
          
            Bright Mind Solutions LLC
          
      
            ",https://www.linkedin.com/jobs/view/python-developer-at-bright-mind-solutions-llc-4171029199?position=35&pageNum=0&refId=WxFHqti%2FjwekUACOD74UQw%3D%3D&trackingId=KyyWytC5lHy6i5yyclEb9Q%3D%3D,LinkedIn
"
            
        Python Developer [Job ID 20250307]
      
          ","
              
          
            Phoenix Cyber
          
      
            ",https://www.linkedin.com/jobs/view/python-developer-job-id-20250307-at-phoenix-cyber-4179194552?position=36&pageNum=0&refId=WxFHqti%2FjwekUACOD74UQw%3D%3D&trackingId=yYsiWlIEiW4fjcZrAEry9Q%3D%3D,LinkedIn
"
            
        Python Developer
      
          ","
              
          
            Buyerlink
          
      
            ",https://www.linkedin.com/jobs/view/python-developer-at-buyerlink-4145407981?position=37&pageNum=0&refId=WxFHqti%2FjwekUACOD74UQw%3D%3D&trackingId=4fTicpC8Y%2FoCyEBYSCDBig%3D%3D,LinkedIn
"
            
        Backend Python Software Engineer
      
          ","
              
          
            Synergy ECP
          
      
            ",https://www.linkedin.com/jobs/view/backend-python-software-engineer-at-synergy-ecp-4181275829?position=38&pageNum=0&refId=WxFHqti%2FjwekUACOD74UQw%3D%3D&trackingId=PqXQwj1f7PLAWDntSwkOFQ%3D%3D,LinkedIn
"
            
        Python Developer/Data Modeler
      
          ","
              
          
            TekSalt Solutions
          
      
            ",https://www.linkedin.com/jobs/view/python-developer-data-modeler-at-teksalt-solutions-4182117162?position=39&pageNum=0&refId=WxFHqti%2FjwekUACOD74UQw%3D%3D&trackingId=8PibiM8apaq2XORU5dnY0A%3D%3D,LinkedIn
"
            
        Python Architect - Remote 100%
      
          ","
              
          
            Enexus Global Inc.
          
      
            ",https://www.linkedin.com/jobs/view/python-architect-remote-100%25-at-enexus-global-inc-4130618076?position=40&pageNum=0&refId=WxFHqti%2FjwekUACOD74UQw%3D%3D&trackingId=d1c1AUgCA1wSB4JY38iXLA%3D%3D,LinkedIn
"
            
        Data Scientist (Energy Systems)
      
          ","
              
          
            Paces
          
      
            ",https://www.linkedin.com/jobs/view/data-scientist-energy-systems-at-paces-4184050815?position=41&pageNum=0&refId=WxFHqti%2FjwekUACOD74UQw%3D%3D&trackingId=JWoMCHWqHn2ir%2B%2FieXw68A%3D%3D,LinkedIn
"
            
        Python Developer [Job ID 20250307]
      
          ","
              
          
            Phoenix Cyber
          
      
            ",https://www.linkedin.com/jobs/view/python-developer-job-id-20250307-at-phoenix-cyber-4179197293?position=42&pageNum=0&refId=WxFHqti%2FjwekUACOD74UQw%3D%3D&trackingId=oWqpDkk9K%2B8jd0zZBVSz4g%3D%3D,LinkedIn
"
            
        Python Developer
      
          ","
              
          
            NasTech Global, Inc.,
          
      
            ",https://www.linkedin.com/jobs/view/python-developer-at-nastech-global-inc-4130486341?position=43&pageNum=0&refId=WxFHqti%2FjwekUACOD74UQw%3D%3D&trackingId=7rHXaiW3LV2OZq5Ga3uI8A%3D%3D,LinkedIn
"
            
        Data Engineer with Python
      
          ","
              
          
            Accroid Inc
          
      
            ",https://www.linkedin.com/jobs/view/data-engineer-with-python-at-accroid-inc-4173146553?position=44&pageNum=0&refId=WxFHqti%2FjwekUACOD74UQw%3D%3D&trackingId=xbD%2F785MtwGdnINZX08dpw%3D%3D,LinkedIn
"
            
        Data Analyst
      
          ","
              
          
            IT Engagements, Inc.
          
      
            ",https://www.linkedin.com/jobs/view/data-analyst-at-it-engagements-inc-4182992705?position=45&pageNum=0&refId=WxFHqti%2FjwekUACOD74UQw%3D%3D&trackingId=l58nC2pVNV%2BqxZeROuCzLA%3D%3D,LinkedIn
"
            
        Python with Data Engineer
      
          ","
              
          
            Accroid Inc
          
      
            ",https://www.linkedin.com/jobs/view/python-with-data-engineer-at-accroid-inc-4176744044?position=46&pageNum=0&refId=WxFHqti%2FjwekUACOD74UQw%3D%3D&trackingId=eXd%2Bwqd0QrpUiNVQquwZjQ%3D%3D,LinkedIn
"
            
        Python Developer [Job ID 20250307]
      
          ","
              
          
            Phoenix Cyber
          
      
            ",https://www.linkedin.com/jobs/view/python-developer-job-id-20250307-at-phoenix-cyber-4179198170?position=47&pageNum=0&refId=WxFHqti%2FjwekUACOD74UQw%3D%3D&trackingId=OAJSddQZka5xkzhb9341WA%3D%3D,LinkedIn
"
            
        Python Developer [Job ID 20250307]
      
          ","
              
          
            Phoenix Cyber
          
      
            ",https://www.linkedin.com/jobs/view/python-developer-job-id-20250307-at-phoenix-cyber-4179197281?position=48&pageNum=0&refId=WxFHqti%2FjwekUACOD74UQw%3D%3D&trackingId=3lkOLEy1ArZnn5BpdojItw%3D%3D,LinkedIn
"
            
        Data Science with ML , Python , SQL
      
          ","
              
          
            VRK IT Vision Inc.
          
      
            ",https://www.linkedin.com/jobs/view/data-science-with-ml-python-sql-at-vrk-it-vision-inc-4173964378?position=49&pageNum=0&refId=WxFHqti%2FjwekUACOD74UQw%3D%3D&trackingId=qjcAZctpO%2BlFfiL3k6FzBg%3D%3D,LinkedIn
"
            
        AI Analyst
      
          ","
              
          
            PurchRock
          
      
            ",https://www.linkedin.com/jobs/view/ai-analyst-at-purchrock-4185031681?position=50&pageNum=0&refId=WxFHqti%2FjwekUACOD74UQw%3D%3D&trackingId=IO0P%2Fb%2FGfrUfq01KkQ62lg%3D%3D,LinkedIn
"
            
        Data Analyst (Remote)
      
          ","
              
          
            Lensa
          
      
            ",https://www.linkedin.com/jobs/view/data-analyst-remote-at-lensa-4183215744?position=51&pageNum=0&refId=WxFHqti%2FjwekUACOD74UQw%3D%3D&trackingId=bPK3GRJoHYp5stgJHiIFtA%3D%3D,LinkedIn
"
            
        Finance Associate
      
          ","
              
          
            Phamily
          
      
            ",https://www.linkedin.com/jobs/view/finance-associate-at-phamily-4183103441?position=52&pageNum=0&refId=WxFHqti%2FjwekUACOD74UQw%3D%3D&trackingId=4KPYmhqgp6JVd%2Bwllbyijw%3D%3D,LinkedIn
"
            
        Software Developer - Entry Level
      
          ","
              
          
            Sycorr
          
      
            ",https://www.linkedin.com/jobs/view/software-developer-entry-level-at-sycorr-4183596408?position=53&pageNum=0&refId=WxFHqti%2FjwekUACOD74UQw%3D%3D&trackingId=JT2znVWV%2Bxg8cehPjC3AKw%3D%3D,LinkedIn
"
            
        Senior Software Developer/Senior Python Developer
      
          ","
              
          
            VIVIO, a Public Benefit Corporation
          
      
            ",https://www.linkedin.com/jobs/view/senior-software-developer-senior-python-developer-at-vivio-a-public-benefit-corporation-4185385200?position=54&pageNum=0&refId=WxFHqti%2FjwekUACOD74UQw%3D%3D&trackingId=qF1%2BsY6kbe29BkrFYeB3rA%3D%3D,LinkedIn
"
            
        Python Engineer
      
          ","
              
          
            Carvana
          
      
            ",https://www.linkedin.com/jobs/view/python-engineer-at-carvana-4141191613?position=55&pageNum=0&refId=WxFHqti%2FjwekUACOD74UQw%3D%3D&trackingId=7Qo%2FE%2F8nU%2FOBw4%2FmTuTjsg%3D%3D,LinkedIn
"
            
        ML Engineer/Data Scientist
      
          ","
              
          
            Adapty.io
          
      
            ",https://www.linkedin.com/jobs/view/ml-engineer-data-scientist-at-adapty-io-4182968625?position=56&pageNum=0&refId=WxFHqti%2FjwekUACOD74UQw%3D%3D&trackingId=loPR4rsQ1jwhgdXjkbp1tA%3D%3D,LinkedIn
"
            
        Python Developer
      
          ","
              
          
            IntePros
          
      
            ",https://www.linkedin.com/jobs/view/python-developer-at-intepros-4178299973?position=57&pageNum=0&refId=WxFHqti%2FjwekUACOD74UQw%3D%3D&trackingId=6D6b2vf4xxyPj289Jk89Fw%3D%3D,LinkedIn
"
            
        Data Analyst
      
          ","
              
          
            Empiric
          
      
            ",https://www.linkedin.com/jobs/view/data-analyst-at-empiric-4182919547?position=58&pageNum=0&refId=WxFHqti%2FjwekUACOD74UQw%3D%3D&trackingId=RnVoVtlQlz2vCJb4OraLpg%3D%3D,LinkedIn
"
            
        Software Engineer (Python/Java)
      
          ","
              
          
            ASCENDING Inc.
          
      
            ",https://www.linkedin.com/jobs/view/software-engineer-python-java-at-ascending-inc-4153420221?position=59&pageNum=0&refId=WxFHqti%2FjwekUACOD74UQw%3D%3D&trackingId=aiE9q%2BUwmuw%2BCYi5TDYERw%3D%3D,LinkedIn
"
            
        Analyst
      
          ","
              
          
            TechOp Solutions International
          
      
            ",https://www.linkedin.com/jobs/view/analyst-at-techop-solutions-international-4184836263?position=60&pageNum=0&refId=WxFHqti%2FjwekUACOD74UQw%3D%3D&trackingId=TOS%2BnXgPz4bkwPXqBA%2F5Tg%3D%3D,LinkedIn
